name,MAE,RMSE,R²
Random Forest,1682.14745,2117.5930609583374,0.8483408887591476
Linear Regression,1587.6195640719895,1993.5369888134892,0.8655898417251244
